-- 测试数据初始化脚本
USE health_manager;

-- 清空现有数据（如果需要）
SET FOREIGN_KEY_CHECKS = 0;
TRUNCATE TABLE `user`;
TRUNCATE TABLE `health_data`;
TRUNCATE TABLE `task`;
TRUNCATE TABLE `exercise_record`;
TRUNCATE TABLE `exercise_route`;
TRUNCATE TABLE `heart_rate_record`;
TRUNCATE TABLE `meditation_category`;
TRUNCATE TABLE `meditation_course`;
TRUNCATE TABLE `meditation_record`;
TRUNCATE TABLE `activity_stats`;
SET FOREIGN_KEY_CHECKS = 1;

-- 插入用户数据
INSERT INTO `user` (`id`, `open_id`, `nick_name`, `avatar_url`, `gender`, `phone`, `create_time`, `update_time`) VALUES
(1, 'wx_openid_001', '张三', 'https://example.com/avatars/zhangsan.jpg', 1, '13800138001', '2025-01-01 10:00:00', '2025-01-01 10:00:00'),
(2, 'wx_openid_002', '李四', 'https://example.com/avatars/lisi.jpg', 1, '13800138002', '2025-01-02 11:00:00', '2025-01-02 11:00:00'),
(3, 'wx_openid_003', '王五', 'https://example.com/avatars/wangwu.jpg', 1, '13800138003', '2025-01-03 12:00:00', '2025-01-03 12:00:00'),
(4, 'wx_openid_004', '赵六', 'https://example.com/avatars/zhaoliu.jpg', 1, '13800138004', '2025-01-04 13:00:00', '2025-01-04 13:00:00'),
(5, 'wx_openid_005', '小红', 'https://example.com/avatars/xiaohong.jpg', 2, '13800138005', '2025-01-05 14:00:00', '2025-01-05 14:00:00');

-- 插入健康数据
INSERT INTO `health_data` (`user_id`, `steps`, `heart_rate`, `sleep_hours`, `calories`, `record_date`, `create_time`, `update_time`) VALUES
(1, 8500, 72, 7.5, 2100, '2025-03-01', '2025-03-01 23:00:00', '2025-03-01 23:00:00'),
(1, 9200, 75, 8.0, 2300, '2025-03-02', '2025-03-02 23:00:00', '2025-03-02 23:00:00'),
(1, 7800, 70, 6.5, 1900, '2025-03-03', '2025-03-03 23:00:00', '2025-03-03 23:00:00'),
(1, 10500, 68, 7.8, 2500, '2025-03-04', '2025-03-04 23:00:00', '2025-03-04 23:00:00'),
(1, 6500, 72, 8.2, 1800, '2025-03-05', '2025-03-05 23:00:00', '2025-03-05 23:00:00'),
(2, 7500, 68, 6.8, 1850, '2025-03-01', '2025-03-01 23:00:00', '2025-03-01 23:00:00'),
(2, 8100, 70, 7.2, 2000, '2025-03-02', '2025-03-02 23:00:00', '2025-03-02 23:00:00'),
(3, 9800, 65, 8.5, 2400, '2025-03-01', '2025-03-01 23:00:00', '2025-03-01 23:00:00'),
(3, 10200, 67, 8.0, 2500, '2025-03-02', '2025-03-02 23:00:00', '2025-03-02 23:00:00'),
(4, 5500, 75, 6.0, 1500, '2025-03-01', '2025-03-01 23:00:00', '2025-03-01 23:00:00');
INSERT INTO `health_data` (`user_id`, `steps`, `heart_rate`, `sleep_hours`, `calories`, `record_date`, `create_time`, `update_time`) VALUES
(1, 8500, 72, 7.5, 2100, '2025-03-11', '2025-03-11 23:00:00', '2025-03-01 23:00:00'),
(1, 9200, 75, 8.0, 2300, '2025-03-12', '2025-03-12 23:00:00', '2025-03-02 23:00:00'),
(1, 7800, 70, 6.5, 1900, '2025-03-13', '2025-03-13 23:00:00', '2025-03-03 23:00:00'),
(1, 10500, 68, 7.8, 2500, '2025-03-14', '2025-03-14 23:00:00', '2025-03-04 23:00:00'),
(1, 6500, 72, 8.2, 1800, '2025-03-15', '2025-03-15 23:00:00', '2025-03-05 23:00:00'),
(1, 9800, 71, 7.9, 2350, '2025-03-06', '2025-03-06 23:00:00', '2025-03-06 23:00:00'),
(1, 8900, 69, 8.1, 2200, '2025-03-07', '2025-03-07 23:00:00', '2025-03-07 23:00:00'),
(1, 7600, 73, 7.2, 1950, '2025-03-08', '2025-03-08 23:00:00', '2025-03-08 23:00:00'),
(1, 11200, 67, 8.3, 2650, '2025-03-09', '2025-03-09 23:00:00', '2025-03-09 23:00:00'),
(1, 9500, 70, 7.7, 2250, '2025-03-10', '2025-03-10 23:00:00', '2025-03-10 23:00:00');


-- 插入任务数据
INSERT INTO `task` (`user_id`, `title`, `description`, `type`, `completed`, `task_date`, `create_time`, `update_time`) VALUES
(1, '晨跑5公里', '早上6点起床，沿着小区跑步5公里', 'exercise', 1, '2025-03-01', '2025-03-01 06:00:00', '2025-03-01 07:00:00'),
(1, '冥想练习', '使用APP进行15分钟的冥想练习', 'meditation', 1, '2025-03-01', '2025-03-01 20:00:00', '2025-03-01 20:20:00'),
(1, '瑜伽课程', '参加线上瑜伽课程30分钟', 'exercise', 0, '2025-03-02', '2025-03-02 18:00:00', '2025-03-02 18:00:00'),
(2, '力量训练', '进行30分钟的力量训练，包括俯卧撑和深蹲', 'exercise', 1, '2025-03-01', '2025-03-01 18:00:00', '2025-03-01 18:40:00'),
(2, '放松冥想', '睡前进行10分钟的放松冥想', 'meditation', 0, '2025-03-02', '2025-03-02 22:00:00', '2025-03-02 22:00:00'),
(3, '骑行锻炼', '骑自行车环城一周，约15公里', 'exercise', 1, '2025-03-01', '2025-03-01 16:00:00', '2025-03-01 17:30:00');

-- 插入运动记录
INSERT INTO `exercise_record` (`user_id`, `type`, `name`, `duration`, `distance`, `calories`, `pace`, `exercise_date`, `exercise_time`, `notes`, `create_time`, `update_time`) VALUES
(1, 'running', '晨跑', 30, 5.2, 320, '5:46', '2025-03-01', '06:30:00', '今天感觉很好，配速有所提高', '2025-03-01 07:00:00', '2025-03-01 07:00:00'),
(1, 'yoga', '瑜伽练习', 45, NULL, 180, NULL, '2025-03-02', '18:00:00', '专注于核心和柔韧性', '2025-03-02 18:45:00', '2025-03-02 18:45:00'),
(1, 'running', '公园慢跑', 40, 6.5, 400, '6:09', '2025-03-03', '07:00:00', '天气很好，跑得比平时远', '2025-03-03 07:40:00', '2025-03-03 07:40:00'),
(2, 'strength', '力量训练', 35, NULL, 250, NULL, '2025-03-01', '18:00:00', '完成了3组俯卧撑和深蹲', '2025-03-01 18:35:00', '2025-03-01 18:35:00'),
(2, 'cycling', '室内骑行', 45, 15.0, 350, NULL, '2025-03-02', '19:00:00', '使用动感单车，强度中等', '2025-03-02 19:45:00', '2025-03-02 19:45:00'),
(3, 'cycling', '环城骑行', 90, 25.0, 600, NULL, '2025-03-01', '16:00:00', '沿着城市公园骑行，风景很好', '2025-03-01 17:30:00', '2025-03-01 17:30:00');

-- 插入运动路线
INSERT INTO `exercise_route` (`exercise_id`, `start_lat`, `start_lng`, `end_lat`, `end_lng`, `polyline`, `create_time`, `update_time`) VALUES
(1, 39.908823, 116.397470, 39.915123, 116.403568, '[{"lat":39.908823,"lng":116.397470},{"lat":39.910542,"lng":116.399315},{"lat":39.912761,"lng":116.401461},{"lat":39.915123,"lng":116.403568}]', '2025-03-01 07:00:00', '2025-03-01 07:00:00'),
(3, 39.908823, 116.397470, 39.918234, 116.407890, '[{"lat":39.908823,"lng":116.397470},{"lat":39.911234,"lng":116.400123},{"lat":39.914567,"lng":116.403456},{"lat":39.918234,"lng":116.407890}]', '2025-03-03 07:40:00', '2025-03-03 07:40:00'),
(5, 31.230416, 121.473701, 31.235678, 121.480123, '[{"lat":31.230416,"lng":121.473701},{"lat":31.232345,"lng":121.475678},{"lat":31.234567,"lng":121.478901},{"lat":31.235678,"lng":121.480123}]', '2025-03-02 19:45:00', '2025-03-02 19:45:00'),
(6, 22.543099, 114.057868, 22.551234, 114.066789, '[{"lat":22.543099,"lng":114.057868},{"lat":22.545678,"lng":114.060123},{"lat":22.548765,"lng":114.063456},{"lat":22.551234,"lng":114.066789}]', '2025-03-01 17:30:00', '2025-03-01 17:30:00');

-- 插入心率记录
INSERT INTO `heart_rate_record` (`exercise_id`, `time_point`, `value`, `create_time`) VALUES
(1, 0, 75, '2025-03-01 07:00:00'),
(1, 300, 120, '2025-03-01 07:00:00'),
(1, 600, 145, '2025-03-01 07:00:00'),
(1, 900, 150, '2025-03-01 07:00:00'),
(1, 1200, 155, '2025-03-01 07:00:00'),
(1, 1500, 140, '2025-03-01 07:00:00'),
(1, 1800, 130, '2025-03-01 07:00:00'),
(3, 0, 72, '2025-03-03 07:40:00'),
(3, 300, 115, '2025-03-03 07:40:00'),
(3, 600, 140, '2025-03-03 07:40:00'),
(3, 900, 148, '2025-03-03 07:40:00'),
(3, 1200, 152, '2025-03-03 07:40:00'),
(3, 1500, 145, '2025-03-03 07:40:00'),
(3, 1800, 135, '2025-03-03 07:40:00'),
(3, 2100, 125, '2025-03-03 07:40:00'),
(3, 2400, 115, '2025-03-03 07:40:00');

-- 插入冥想分类
INSERT INTO `meditation_category` (`id`, `name`, `description`, `image`, `create_time`, `update_time`) VALUES
(1, '减压放松', '帮助缓解压力和焦虑的冥想课程', 'https://example.com/meditation/relax.jpg', '2025-01-01 00:00:00', '2025-01-01 00:00:00'),
(2, '专注力提升', '提高注意力和集中力的冥想练习', 'https://example.com/meditation/focus.jpg', '2025-01-01 00:00:00', '2025-01-01 00:00:00'),
(3, '睡眠改善', '帮助入睡和提高睡眠质量的冥想', 'https://example.com/meditation/sleep.jpg', '2025-01-01 00:00:00', '2025-01-01 00:00:00'),
(4, '情绪管理', '调节情绪和增强情绪意识的冥想', 'https://example.com/meditation/emotion.jpg', '2025-01-01 00:00:00', '2025-01-01 00:00:00'),
(5, '正念生活', '培养日常正念意识的冥想练习', 'https://example.com/meditation/mindfulness.jpg', '2025-01-01 00:00:00', '2025-01-01 00:00:00');

-- 插入冥想课程
INSERT INTO `meditation_course` (`id`, `title`, `description`, `duration`, `image`, `audio_url`, `category_id`, `steps`, `create_time`, `update_time`) VALUES
(1, '工作减压', '适合在工作间隙进行的短时间减压冥想', 10, 'https://example.com/meditation/courses/work_relax.jpg', 'https://example.com/meditation/audio/work_relax.mp3', 1, '[{"step":1,"title":"准备","content":"找一个安静的地方坐下"},{"step":2,"title":"呼吸","content":"专注于呼吸3分钟"},{"step":3,"title":"身体扫描","content":"关注身体各部位的感受"},{"step":4,"title":"结束","content":"深呼吸，慢慢睁开眼睛"}]', '2025-01-01 00:00:00', '2025-01-01 00:00:00'),
(2, '晨间专注', '早晨提升专注力的冥想练习', 15, 'https://example.com/meditation/courses/morning_focus.jpg', 'https://example.com/meditation/audio/morning_focus.mp3', 2, '[{"step":1,"title":"准备","content":"采取舒适的坐姿"},{"step":2,"title":"呼吸","content":"关注呼吸5分钟"},{"step":3,"title":"思维观察","content":"观察思维的产生和消失"},{"step":4,"title":"专注训练","content":"将注意力集中在一个对象上"},{"step":5,"title":"结束","content":"带着专注力进入新的一天"}]', '2025-01-01 00:00:00', '2025-01-01 00:00:00'),
(3, '深度睡眠', '帮助快速入睡的冥想引导', 20, 'https://example.com/meditation/courses/deep_sleep.jpg', 'https://example.com/meditation/audio/deep_sleep.mp3', 3, '[{"step":1,"title":"准备","content":"躺在床上，放松身体"},{"step":2,"title":"呼吸放松","content":"进行深呼吸放松全身"},{"step":3,"title":"身体扫描","content":"从头到脚逐渐放松身体各部位"},{"step":4,"title":"意象引导","content":"想象平静的场景"},{"step":5,"title":"入睡","content":"保持平静的呼吸，自然入睡"}]', '2025-01-01 00:00:00', '2025-01-01 00:00:00'),
(4, '情绪平衡', '帮助调节情绪的冥想练习', 15, 'https://example.com/meditation/courses/emotion_balance.jpg', 'https://example.com/meditation/audio/emotion_balance.mp3', 4, '[{"step":1,"title":"准备","content":"找一个安静的地方坐下"},{"step":2,"title":"情绪觉察","content":"觉察当前的情绪状态"},{"step":3,"title":"接纳情绪","content":"不评判地接纳当前情绪"},{"step":4,"title":"情绪转化","content":"通过呼吸转化情绪能量"},{"step":5,"title":"结束","content":"带着平静的心态结束冥想"}]', '2025-01-01 00:00:00', '2025-01-01 00:00:00'),
(5, '日常正念', '培养日常生活中的正念意识', 10, 'https://example.com/meditation/courses/daily_mindfulness.jpg', 'https://example.com/meditation/audio/daily_mindfulness.mp3', 5, '[{"step":1,"title":"准备","content":"在日常活动中暂停片刻"},{"step":2,"title":"感官觉知","content":"觉察当下的感官体验"},{"step":3,"title":"正念行动","content":"有意识地完成一个简单动作"},{"step":4,"title":"结束","content":"将正念带入接下来的活动中"}]', '2025-01-01 00:00:00', '2025-01-01 00:00:00');

-- 插入冥想记录
INSERT INTO `meditation_record` (`user_id`, `course_id`, `duration`, `meditation_date`, `meditation_time`, `create_time`, `update_time`) VALUES
(1, 1, 10, '2025-03-01', '20:00:00', '2025-03-01 20:10:00', '2025-03-01 20:10:00'),
(1, 3, 20, '2025-03-02', '22:30:00', '2025-03-02 22:50:00', '2025-03-02 22:50:00'),
(1, 2, 15, '2025-03-03', '07:00:00', '2025-03-03 07:15:00', '2025-03-03 07:15:00'),
(1, 4, 15, '2025-03-04', '19:00:00', '2025-03-04 19:15:00', '2025-03-04 19:15:00'),
(1, 5, 10, '2025-03-05', '12:00:00', '2025-03-05 12:10:00', '2025-03-05 12:10:00'),
(2, 1, 10, '2025-03-06', '12:30:00', '2025-03-01 12:40:00', '2025-03-01 12:40:00'),
(2, 3, 18, '2025-03-07', '23:00:00', '2025-03-02 23:18:00', '2025-03-02 23:18:00'),
(3, 4, 15, '2025-03-08', '21:00:00', '2025-03-01 21:15:00', '2025-03-01 21:15:00'),
(4, 5, 10, '2025-03-09', '08:00:00', '2025-03-01 08:10:00', '2025-03-01 08:10:00'),
(5, 2, 15, '2025-03-10', '06:30:00', '2025-03-01 06:45:00', '2025-03-01 06:45:00');

-- 插入活动统计数据
INSERT INTO `activity_stats` (`id`, `user_id`, `period_type`, `period_value`, `exercise_sessions`, `exercise_minutes`, `exercise_calories`, `exercise_distance`, `meditation_sessions`, `meditation_minutes`, `meditation_streak`, `steps_total`, `steps_daily_average`, `steps_best_day`, `create_time`, `update_time`)
VALUES
	(1, 1, 'week', '2025-W09', 3, 115, 900, 11.70, 5, 70, 5, 42500, 8500, '2025-03-04', '2025-03-05 23:59:59', '2025-03-05 23:59:59'),
	(34, 1, 'month', '2025-02', 10, 455, 3420, 56.20, 8, 110, 10, 89500, 8950, '2025-03-09', '2025-03-31 23:59:59', '2025-03-31 23:59:59'),
	(35, 1, 'week', '2025-W10', 4, 165, 1350, 19.50, 2, 25, 7, 37200, 9300, '2025-03-09', '2025-03-12 23:59:59', '2025-03-12 23:59:59'),
	(36, 1, 'week', '2025-W11', 3, 125, 950, 15.30, 1, 15, 8, 35800, 8950, '2025-03-16', '2025-03-19 23:59:59', '2025-03-19 23:59:59'),
	(37, 1, 'week', '2025-W12', 4, 180, 1420, 22.80, 3, 40, 11, 40200, 9100, '2025-03-23', '2025-03-26 23:59:59', '2025-03-26 23:59:59'),
	(38, 1, 'month', '2025-04', 12, 520, 4100, 68.50, 10, 135, 15, 98700, 9200, '2025-04-15', '2025-04-30 23:59:59', '2025-03-12 08:55:22'),
	(39, 1, 'week', '2025-W13', 3, 130, 980, 16.20, 2, 30, 14, 36500, 9125, '2025-03-30', '2025-04-02 23:59:59', '2025-04-02 23:59:59'),
	(40, 1, 'week', '2025-W14', 4, 175, 1380, 21.50, 3, 35, 17, 39800, 9950, '2025-04-06', '2025-04-09 23:59:59', '2025-04-09 23:59:59'),
	(41, 1, 'week', '2025-W15', 3, 140, 1050, 17.80, 2, 30, 19, 38200, 9550, '2025-04-13', '2025-04-16 23:59:59', '2025-04-16 23:59:59'),
	(42, 1, 'month', '2025-05', 14, 580, 4650, 75.30, 12, 150, 20, 105800, 9620, '2025-05-12', '2025-05-31 23:59:59', '2025-05-31 23:59:59'),
	(33, 1, 'week', '2025-W08', 3, 115, 900, 11.70, 5, 70, 5, 42500, 8500, '2025-03-04', '2025-03-05 23:59:59', '2025-03-05 23:59:59'),
	(43, 1, 'month', '2025-03', 4, 115, 4650, 16.20, 0, 0, 5, 38200, 9125, '2025-05-12', '2025-03-12 08:49:02', '2025-03-12 08:55:53'),
	(11, 1, 'week', '2025-W16', 10, 140, 900, 15.30, 4, 23, 1, 38200, 9125, '2025-05-12', '2025-03-11 18:10:54', '2025-03-12 08:56:22'),
	(2, 1, 'month', '2025-06', 3, 115, 900, 11.70, 5, 70, 5, 42500, 8500, '2025-03-04', '2025-03-05 23:59:59', '2025-03-05 23:59:59'),
	(3, 2, 'week', '2025-W09', 2, 80, 600, 15.00, 2, 28, 2, 15600, 7800, '2025-03-02', '2025-03-02 23:59:59', '2025-03-02 23:59:59'),
	(4, 2, 'month', '2025-03', 2, 80, 600, 15.00, 2, 28, 2, 15600, 7800, '2025-03-02', '2025-03-02 23:59:59', '2025-03-02 23:59:59'),
	(12, 2, 'week', '2025-W11', 0, 520, 0, 15.30, 0, 0, 1, 38200, 7800, '2025-05-12', '2025-03-11 18:12:57', '2025-03-12 08:56:07'),
	(5, 3, 'week', '2025-W09', 1, 90, 600, 25.00, 1, 15, 1, 20000, 10000, '2025-03-01', '2025-03-02 23:59:59', '2025-03-02 23:59:59'),
	(6, 3, 'month', '2025-03', 1, 90, 600, 25.00, 1, 15, 1, 20000, 10000, '2025-03-01', '2025-03-02 23:59:59', '2025-03-02 23:59:59'),
	(7, 4, 'week', '2025-W09', 0, 0, 0, 0.00, 1, 10, 1, 5500, 5500, '2025-03-01', '2025-03-01 23:59:59', '2025-03-01 23:59:59'),
	(8, 4, 'month', '2025-03', 0, 0, 0, 0.00, 1, 10, 1, 5500, 5500, '2025-03-01', '2025-03-01 23:59:59', '2025-03-01 23:59:59'),
	(9, 5, 'week', '2025-W09', 0, 0, 0, 0.00, 1, 15, 1, 0, 0, NULL, '2025-03-01 23:59:59', '2025-03-01 23:59:59'),
	(10, 5, 'month', '2025-03', 0, 0, 0, 0.00, 1, 15, 1, 0, 0, NULL, '2025-03-01 23:59:59', '2025-03-01 23:59:59');



-- 为用户1生成10条运动记录
INSERT INTO `exercise_record` (`user_id`, `type`, `name`, `duration`, `distance`, `calories`, `pace`, `exercise_date`, `exercise_time`, `notes`, `create_time`, `update_time`) VALUES
(1, 'running', '晨跑', 30, 5.2, 320, '5:46', '2025-03-01', '06:30:00', '今天感觉很好，配速有所提高', '2025-03-01 07:00:00', '2025-03-01 07:00:00'),
(1, 'yoga', '瑜伽练习', 45, NULL, 180, NULL, '2025-03-02', '18:00:00', '专注于核心和柔韧性', '2025-03-02 18:45:00', '2025-03-02 18:45:00'),
(1, 'running', '公园慢跑', 40, 6.5, 400, '6:09', '2025-03-03', '07:00:00', '天气很好，跑得比平时远', '2025-03-03 07:40:00', '2025-03-03 07:40:00'),
(1, 'swimming', '游泳训练', 50, 1.5, 450, NULL, '2025-03-04', '19:00:00', '完成了30个来回，感觉很舒畅', '2025-03-04 19:50:00', '2025-03-04 19:50:00'),
(1, 'cycling', '室外骑行', 60, 18.0, 520, NULL, '2025-03-05', '16:00:00', '沿着河边骑行，风景优美', '2025-03-05 17:00:00', '2025-03-05 17:00:00'),
(1, 'strength', '力量训练', 45, NULL, 350, NULL, '2025-03-06', '18:30:00', '重点锻炼上肢力量', '2025-03-06 19:15:00', '2025-03-06 19:15:00'),
(1, 'running', '间歇跑', 35, 5.8, 380, '6:02', '2025-03-07', '06:30:00', '进行了高强度间歇训练', '2025-03-07 07:05:00', '2025-03-07 07:05:00'),
(1, 'yoga', '拉伸放松', 30, NULL, 120, NULL, '2025-03-08', '20:00:00', '重点放松腿部肌肉', '2025-03-08 20:30:00', '2025-03-08 20:30:00'),
(1, 'hiking', '郊外徒步', 120, 8.5, 680, NULL, '2025-03-09', '09:00:00', '爬山徒步，风景绝佳', '2025-03-09 11:00:00', '2025-03-09 11:00:00'),
(1, 'running', '长跑训练', 50, 10.2, 620, '4:54', '2025-03-10', '07:00:00', '突破个人最佳配速记录', '2025-03-10 07:50:00', '2025-03-10 07:50:00');

-- 为用户1的运动记录生成10条运动路线
INSERT INTO `exercise_route` (`exercise_id`, `start_lat`, `start_lng`, `end_lat`, `end_lng`, `polyline`, `create_time`, `update_time`) VALUES
(1, 39.908823, 116.397470, 39.915123, 116.403568, '[{"lat":39.908823,"lng":116.397470},{"lat":39.910542,"lng":116.399315},{"lat":39.912761,"lng":116.401461},{"lat":39.915123,"lng":116.403568}]', '2025-03-01 07:00:00', '2025-03-01 07:00:00'),
(3, 39.908823, 116.397470, 39.918234, 116.407890, '[{"lat":39.908823,"lng":116.397470},{"lat":39.911234,"lng":116.400123},{"lat":39.914567,"lng":116.403456},{"lat":39.918234,"lng":116.407890}]', '2025-03-03 07:40:00', '2025-03-03 07:40:00'),
(4, 39.920123, 116.410456, 39.920123, 116.410456, '[{"lat":39.920123,"lng":116.410456},{"lat":39.920123,"lng":116.410456}]', '2025-03-04 19:50:00', '2025-03-04 19:50:00'),
(5, 39.905678, 116.395678, 39.925678, 116.415678, '[{"lat":39.905678,"lng":116.395678},{"lat":39.910123,"lng":116.400123},{"lat":39.915678,"lng":116.405678},{"lat":39.920123,"lng":116.410123},{"lat":39.925678,"lng":116.415678}]', '2025-03-05 17:00:00', '2025-03-05 17:00:00'),
(7, 39.908823, 116.397470, 39.916789, 116.405678, '[{"lat":39.908823,"lng":116.397470},{"lat":39.910542,"lng":116.399315},{"lat":39.913678,"lng":116.402456},{"lat":39.916789,"lng":116.405678}]', '2025-03-07 07:05:00', '2025-03-07 07:05:00'),
(9, 40.012345, 116.567890, 40.045678, 116.598765, '[{"lat":40.012345,"lng":116.567890},{"lat":40.020123,"lng":116.575678},{"lat":40.030456,"lng":116.585678},{"lat":40.045678,"lng":116.598765}]', '2025-03-09 11:00:00', '2025-03-09 11:00:00'),
(10, 39.900123, 116.390123, 39.920123, 116.410123, '[{"lat":39.900123,"lng":116.390123},{"lat":39.905123,"lng":116.395123},{"lat":39.910123,"lng":116.400123},{"lat":39.915123,"lng":116.405123},{"lat":39.920123,"lng":116.410123}]', '2025-03-10 07:50:00', '2025-03-10 07:50:00'),
(11, 39.930123, 116.420123, 39.940123, 116.430123, '[{"lat":39.930123,"lng":116.420123},{"lat":39.935123,"lng":116.425123},{"lat":39.940123,"lng":116.430123}]', '2025-03-11 08:00:00', '2025-03-11 08:00:00'),
(12, 39.950123, 116.440123, 39.960123, 116.450123, '[{"lat":39.950123,"lng":116.440123},{"lat":39.955123,"lng":116.445123},{"lat":39.960123,"lng":116.450123}]', '2025-03-12 08:10:00', '2025-03-12 08:10:00'),
(13, 39.970123, 116.460123, 39.980123, 116.470123, '[{"lat":39.970123,"lng":116.460123},{"lat":39.975123,"lng":116.465123},{"lat":39.980123,"lng":116.470123}]', '2025-03-13 08:20:00', '2025-03-13 08:20:00');

